method,year,avg_rmse,total_runtime_sec
G_XGBoost,2017,3.81034452812947,19.216102123260498
G_XGBoost,2018,4.912908652882659,19.2078640460968
