method,year,avg_rmse,total_runtime_sec
G_XGBoost,2017,3.511795549997437,55.780609130859375
G_XGBoost,2018,3.7492682148380787,52.40733551979065
