method,year,avg_rmse,total_runtime_sec
P_XGBoost(x),2018,3.997362817615711,1423.0599029064178
