method,year,avg_rmse,total_runtime_sec
P_XGBoost(x),2017,3.5496462929875134,48.81305456161499
P_XGBoost(x),2018,4.638046778512073,25.327290534973145
